FAT_YEARMONTH,FAT_DAY,FAT_TIME,FATALITY_ID,EVENT_ID,FATALITY_TYPE,FATALITY_DATE,FATALITY_AGE,FATALITY_SEX,FATALITY_LOCATION,EVENT_YEARMONTH
201202,22,0,17589,365156,"I","02/22/2012 00:00:00",73,"F","Outside/Open Areas",201202
201203,3,0,17843,365191,"I","03/03/2012 00:00:00",83,"F","Outside/Open Areas",201203
201202,24,0,17651,366667,"D","02/24/2012 00:00:00",56,"M","Permanent Home",201202
201206,16,0,18463,395354,"D","06/16/2012 00:00:00",56,"M","In Water",201206
201207,13,0,18552,397290,"D","07/13/2012 00:00:00",52,"M","Under Tree",201207
201209,24,0,19677,406779,"D","09/24/2012 00:00:00",51,"M","In Water",201209
201210,23,0,18984,411490,"D","10/23/2012 00:00:00",14,"M","Camping",201210
201210,29,0,1007166,413100,"D","10/29/2012 00:00:00",55,"M","Outside/Open Areas",201210
201210,29,0,19813,413102,"D","10/29/2012 00:00:00",,"M","Outside/Open Areas",201210
201210,29,0,19553,413112,"D","10/29/2012 00:00:00",,"","Permanent Home",201210
201210,29,0,1007171,413112,"D","10/29/2012 00:00:00",77,"M","Permanent Home",201210
201210,29,0,1007172,413112,"I","10/29/2012 00:00:00",83,"M","Permanent Home",201210
201210,29,0,1007177,413117,"I","10/29/2012 00:00:00",,"","Permanent Home",201210
201210,29,0,1007178,413117,"I","10/29/2012 00:00:00",65,"M","Permanent Home",201210
201210,31,0,1007179,413117,"I","10/31/2012 00:00:00",18,"F","Permanent Home",201210
201210,31,0,1007180,413117,"I","10/31/2012 00:00:00",19,"F","Permanent Home",201210
201210,29,0,1007181,413117,"I","10/29/2012 00:00:00",61,"M","Permanent Home",201210
201210,29,0,1007173,413118,"I","10/29/2012 00:00:00",65,"F","Permanent Home",201210
201210,29,0,1007174,413118,"I","10/29/2012 00:00:00",86,"F","Permanent Home",201210
201210,29,0,19817,413123,"D","10/29/2012 00:00:00",,"M","Permanent Home",201210
201210,29,0,1007164,413124,"D","10/29/2012 00:00:00",54,"M","Outside/Open Areas",201210
201210,29,0,1007170,413125,"D","10/29/2012 00:00:00",30,"M","Permanent Home",201210
201210,29,0,19819,415921,"D","10/29/2012 00:00:00",80,"M","Permanent Home",201210
201211,5,0,19820,415924,"I","11/05/2012 00:00:00",57,"F","Outside/Open Areas",201210
201210,29,0,19822,415924,"D","10/29/2012 00:00:00",39,"M","Outside/Open Areas",201210
201210,29,0,19821,415924,"D","10/29/2012 00:00:00",,"M","Under Tree",201210
201210,30,0,19824,415924,"I","10/30/2012 00:00:00",66,"M","Under Tree",201210
201210,30,0,19823,415924,"I","10/30/2012 00:00:00",21,"F","Vehicle/Towed Trailer",201210
201211,4,0,19830,415925,"I","11/04/2012 00:00:00",87,"M","Permanent Home",201210
201210,29,0,19832,415925,"D","10/29/2012 00:00:00",84,"M","Under Tree",201210
201210,30,0,19831,415925,"I","10/30/2012 00:00:00",20,"M","Vehicle/Towed Trailer",201210
201211,5,0,19848,415926,"I","11/05/2012 00:00:00",55,"F","Camping",201210
201211,8,0,19843,415926,"D","11/08/2012 00:00:00",59,"M","Outside/Open Areas",201210
201211,8,0,19846,415926,"I","11/08/2012 00:00:00",59,"F","Outside/Open Areas",201210
201211,4,0,19844,415926,"I","11/04/2012 00:00:00",44,"F","Permanent Home",201210
201211,2,0,19847,415926,"I","11/02/2012 00:00:00",79,"F","Permanent Home",201210
201210,29,0,19811,415927,"D","10/29/2012 00:00:00",11,"M","Permanent Home",201210
201210,29,0,19812,415927,"D","10/29/2012 00:00:00",13,"M","Permanent Home",201210
201212,9,0,1007216,415936,"I","12/09/2012 00:00:00",21,"M","Vehicle/Towed Trailer",201212
201210,13,0,1006897,409003,"D","10/13/2012 00:00:00",14,"M","In Water",201210
201210,26,0,1006935,411052,"D","10/26/2012 00:00:00",51,"M","Other",201210
201210,29,0,1007136,411591,"D","10/29/2012 00:00:00",8,"M","Under Tree",201210
201210,30,0,1006978,412894,"D","10/30/2012 00:00:00",60,"M","Outside/Open Areas",201210
201210,30,0,1006980,412894,"I","10/30/2012 00:00:00",62,"M","Outside/Open Areas",201210
201210,30,0,1007032,413166,"I","10/30/2012 00:00:00",81,"F","In Water",201210
201210,29,0,1007034,415189,"D","10/29/2012 00:00:00",69,"F","Vehicle/Towed Trailer",201210
201210,3,0,1007059,416015,"D","10/03/2012 00:00:00",11,"M","Ball Field",201210
201210,30,0,1007064,416315,"D","10/30/2012 00:00:00",51,"M","Other",201210
201210,29,0,1007067,416731,"D","10/29/2012 00:00:00",90,"F","Under Tree",201210
201210,29,0,1007132,417229,"D","10/29/2012 00:00:00",25,"M","Vehicle/Towed Trailer",201210
201210,29,0,1007133,417767,"I","10/29/2012 00:00:00",40,"F","Vehicle/Towed Trailer",201210
201210,2,0,1007135,418259,"D","10/02/2012 00:00:00",,"M","Outside/Open Areas",201210
201212,10,0,1007057,415901,"I","12/10/2012 00:00:00",56,"F","Vehicle/Towed Trailer",201212
201212,19,0,19362,418711,"I","12/19/2012 00:00:00",63,"M","Vehicle/Towed Trailer",201212
201212,26,0,1007167,419040,"D","12/26/2012 00:00:00",60,"M","Permanent Home",201212
201212,19,0,1007138,419313,"D","12/19/2012 00:00:00",31,"M","In Water",201212
201212,21,0,1007140,419341,"D","12/21/2012 00:00:00",,"M","Vehicle/Towed Trailer",201212
201212,21,0,1007139,419342,"D","12/21/2012 00:00:00",,"M","Vehicle/Towed Trailer",201212
201212,19,0,1007146,419848,"I","12/19/2012 00:00:00",,"M","Vehicle/Towed Trailer",201212
201212,15,0,1007147,420320,"D","12/15/2012 00:00:00",51,"M","Outside/Open Areas",201212
201212,21,0,1007163,421204,"D","12/21/2012 00:00:00",23,"M","In Water",201212
201210,30,0,19220,417015,"I","10/30/2012 00:00:00",69,"F","Outside/Open Areas",201210
201210,30,0,19221,417016,"I","10/30/2012 00:00:00",93,"M","Outside/Open Areas",201210
201210,29,0,19236,417018,"D","10/29/2012 00:00:00",43,"M","Outside/Open Areas",201210
201209,7,0,18566,399038,"D","09/07/2012 00:00:00",73,"M","Mobile/Trailer Home",201209
201209,7,0,18567,399038,"D","09/07/2012 00:00:00",70,"F","Mobile/Trailer Home",201209
201209,7,0,18568,399038,"D","09/07/2012 00:00:00",0,"F","Mobile/Trailer Home",201209
201209,7,0,18565,399042,"D","09/07/2012 00:00:00",70,"M","Vehicle/Towed Trailer",201209
201209,10,0,18573,399646,"D","09/10/2012 00:00:00",57,"M","In Water",201209
201209,16,0,18633,401247,"D","09/16/2012 00:00:00",66,"M","In Water",201209
201209,11,0,1006928,402190,"D","09/11/2012 00:00:00",31,"M","Outside/Open Areas",201209
201209,21,0,1006874,406469,"D","09/21/2012 00:00:00",17,"M","In Water",201209
201209,11,0,1006926,410712,"D","09/11/2012 00:00:00",16,"M","Under Tree",201209
201209,17,0,1006966,411455,"I","09/17/2012 00:00:00",,"M","Outside/Open Areas",201209
201209,7,0,1007010,412625,"D","09/07/2012 00:00:00",71,"M","Outside/Open Areas",201209
201209,24,0,1006990,413263,"D","09/24/2012 00:00:00",69,"M","Permanent Home",201209
201209,7,0,1007006,414369,"D","09/07/2012 00:00:00",52,"F","Vehicle/Towed Trailer",201209
201209,28,0,1007019,414616,"I","09/28/2012 00:00:00",28,"M","Boating",201209
201209,15,0,1007027,414692,"D","09/15/2012 00:00:00",,"M","In Water",201209
201209,15,0,1007029,414692,"D","09/15/2012 00:00:00",,"M","In Water",201209
201209,3,0,1007037,415103,"D","09/03/2012 00:00:00",90,"M","Permanent Home",201209
201210,30,0,19237,417018,"I","10/30/2012 00:00:00",79,"M","Outside/Open Areas",201210
201210,30,0,19238,417018,"I","10/30/2012 00:00:00",,"M","Outside/Open Areas",201210
201212,20,0,1007192,417152,"D","12/20/2012 00:00:00",27,"F","Outside/Open Areas",201212
201212,20,0,1007193,417152,"D","12/20/2012 00:00:00",43,"F","Vehicle/Towed Trailer",201212
201212,4,0,1007202,418625,"I","12/04/2012 00:00:00",48,"M","Vehicle/Towed Trailer",201212
201210,29,0,19880,420465,"D","10/29/2012 00:00:00",55,"M","Permanent Structure",201210
201210,29,0,1007247,420534,"D","10/29/2012 00:00:00",4,"M","Outside/Open Areas",201210
201210,29,0,1007256,420534,"D","10/29/2012 00:00:00",85,"M","Outside/Open Areas",201210
201210,29,0,1007258,420534,"D","10/29/2012 00:00:00",89,"M","Outside/Open Areas",201210
201210,29,0,1007259,420534,"D","10/29/2012 00:00:00",13,"F","Outside/Open Areas",201210
201210,29,0,1007245,420534,"D","10/29/2012 00:00:00",61,"M","Permanent Home",201210
201208,2,0,18318,388239,"I","08/02/2012 00:00:00",85,"F","Permanent Home",201208
201208,6,0,18346,388634,"D","08/06/2012 00:00:00",42,"M","Outside/Open Areas",201208
201208,6,0,18347,388634,"D","08/06/2012 00:00:00",14,"M","Outside/Open Areas",201208
201208,3,0,18353,389907,"D","08/03/2012 00:00:00",1,"F","Vehicle/Towed Trailer",201208
201208,6,0,18350,389976,"D","08/06/2012 00:00:00",2,"M","Vehicle/Towed Trailer",201208
201208,3,0,18359,390148,"D","08/03/2012 00:00:00",38,"M","Outside/Open Areas",201208
201208,10,0,18459,390429,"D","08/10/2012 00:00:00",37,"M","In Water",201208
201208,10,0,18460,390429,"D","08/10/2012 00:00:00",21,"M","In Water",201208
201208,5,0,1006852,390876,"D","08/05/2012 00:00:00",50,"M","In Water",201208
201208,16,0,1006937,391756,"D","08/16/2012 00:00:00",55,"M","Permanent Home",201208
201208,24,0,1006611,394519,"I","08/24/2012 00:00:00",31,"M","Permanent Home",201208
201208,22,0,1006602,400919,"D","08/22/2012 00:00:00",17,"M","Outside/Open Areas",201208
201208,3,0,1006622,401680,"I","08/03/2012 00:00:00",36,"M","Boating",201208
201208,4,0,1006625,402885,"D","08/04/2012 00:00:00",3,"M","Vehicle/Towed Trailer",201208
201208,3,0,1006624,402886,"D","08/03/2012 00:00:00",2,"M","Vehicle/Towed Trailer",201208
201208,2,0,1006677,404007,"D","08/02/2012 00:00:00",3,"M","Vehicle/Towed Trailer",201208
201208,2,0,1006678,404007,"D","08/02/2012 00:00:00",2,"F","Vehicle/Towed Trailer",201208
201208,7,0,1006679,404476,"D","08/07/2012 00:00:00",0,"M","Vehicle/Towed Trailer",201208
201208,5,0,1006850,406183,"D","08/05/2012 00:00:00",41,"M","In Water",201208
201208,8,0,1006866,406465,"D","08/08/2012 00:00:00",51,"M","Outside/Open Areas",201208
201208,11,0,1006868,406465,"D","08/11/2012 00:00:00",54,"M","Outside/Open Areas",201208
201208,8,0,1006864,406465,"D","08/08/2012 00:00:00",52,"M","Permanent Structure",201208
201208,15,0,1006872,406466,"D","08/15/2012 00:00:00",64,"F","Outside/Open Areas",201208
201208,14,0,1006870,406466,"D","08/14/2012 00:00:00",37,"M","Permanent Structure",201208
201208,18,0,1006942,407002,"D","08/18/2012 00:00:00",9,"M","In Water",201208
201208,18,0,1006888,407265,"D","08/18/2012 00:00:00",38,"M","In Water",201208
201208,18,0,1006889,407952,"D","08/18/2012 00:00:00",33,"M","In Water",201208
201208,3,0,1006892,408375,"D","08/03/2012 00:00:00",67,"F","Mobile/Trailer Home",201208
201208,5,0,1006895,408732,"D","08/05/2012 00:00:00",41,"M","Outside/Open Areas",201208
201208,5,0,1006896,408887,"I","08/05/2012 00:00:00",50,"M","Outside/Open Areas",201208
201208,28,0,1006899,409136,"D","08/28/2012 00:00:00",,"M","In Water",201208
201208,28,0,1006901,409139,"D","08/28/2012 00:00:00",,"M","In Water",201208
201208,28,0,1006903,409140,"D","08/28/2012 00:00:00",,"M","In Water",201208
201208,13,0,1006906,409193,"I","08/13/2012 00:00:00",58,"F","Permanent Home",201208
201208,15,0,1006908,409668,"D","08/15/2012 00:00:00",41,"M","Boating",201208
201208,29,0,1006946,410089,"D","08/29/2012 00:00:00",60,"F","Permanent Home",201208
201208,29,0,1006947,410089,"D","08/29/2012 00:00:00",52,"M","Permanent Home",201208
201208,28,0,1006914,410101,"D","08/28/2012 00:00:00",75,"M","Vehicle/Towed Trailer",201208
201208,29,0,1006918,410167,"D","08/29/2012 00:00:00",52,"M","Vehicle/Towed Trailer",201208
201208,19,0,1006920,410369,"D","08/19/2012 00:00:00",50,"M","Boating",201208
201208,19,0,1006922,410535,"I","08/19/2012 00:00:00",19,"M","Boating",201208
201208,18,0,1006924,410705,"I","08/18/2012 00:00:00",63,"M","Vehicle/Towed Trailer",201208
201208,4,0,1006931,410928,"D","08/04/2012 00:00:00",40,"M","In Water",201208
201208,30,0,1006933,410930,"D","08/30/2012 00:00:00",16,"M","In Water",201208
201208,1,0,1006940,411159,"D","08/01/2012 00:00:00",2,"F","In Water",201208
201208,7,0,1006949,411290,"D","08/07/2012 00:00:00",34,"M","Outside/Open Areas",201208
201208,30,0,1006968,411964,"D","08/30/2012 00:00:00",64,"F","Vehicle/Towed Trailer",201208
201210,29,0,19892,420534,"D","10/29/2012 00:00:00",28,"M","Permanent Home",201210
201210,29,0,19893,420534,"D","10/29/2012 00:00:00",62,"F","Permanent Home",201210
201210,29,0,1007248,420534,"D","10/29/2012 00:00:00",89,"F","Permanent Home",201210
201210,29,0,1007249,420534,"D","10/29/2012 00:00:00",59,"F","Permanent Home",201210
201210,29,0,1007250,420534,"D","10/29/2012 00:00:00",79,"F","Permanent Home",201210
201210,29,0,1007251,420534,"D","10/29/2012 00:00:00",65,"M","Permanent Home",201210
201210,29,0,19814,416826,"I","10/29/2012 00:00:00",93,"M","Permanent Home",201210
201210,29,0,19815,416826,"I","10/29/2012 00:00:00",79,"F","Permanent Home",201210
201210,29,0,1007175,416827,"I","10/29/2012 00:00:00",93,"M","Permanent Home",201210
201210,29,0,1007176,416827,"I","10/29/2012 00:00:00",79,"F","Permanent Home",201210
201210,29,0,19816,416832,"D","10/29/2012 00:00:00",51,"M","Permanent Home",201210
201210,29,0,19159,416845,"D","10/29/2012 00:00:00",62,"M","Permanent Home",201210
201210,30,0,19202,416848,"I","10/30/2012 00:00:00",66,"M","Permanent Home",201210
201210,30,0,19205,416852,"I","10/30/2012 00:00:00",86,"F","Outside/Open Areas",201210
201210,30,0,19206,416852,"I","10/30/2012 00:00:00",,"M","Outside/Open Areas",201210
201210,30,0,19207,416852,"I","10/30/2012 00:00:00",48,"F","Permanent Home",201210
201210,30,0,19208,416853,"I","10/30/2012 00:00:00",17,"M","Outside/Open Areas",201210
201211,2,0,19209,416853,"I","11/02/2012 00:00:00",67,"M","Outside/Open Areas",201210
201210,30,0,19200,416855,"I","10/30/2012 00:00:00",95,"F","Permanent Home",201210
201210,30,0,19201,416855,"I","10/30/2012 00:00:00",64,"F","Permanent Home",201210
201210,30,0,19204,416859,"I","10/30/2012 00:00:00",90,"F","Permanent Home",201210
201210,30,0,19216,416939,"I","10/30/2012 00:00:00",73,"M","Permanent Home",201210
201210,29,0,19215,416939,"I","10/29/2012 00:00:00",65,"F","Vehicle/Towed Trailer",201210
201210,29,0,19213,416943,"D","10/29/2012 00:00:00",61,"M","Permanent Home",201210
201210,29,0,19214,416943,"D","10/29/2012 00:00:00",72,"M","Permanent Home",201210
201210,30,0,19217,416958,"I","10/30/2012 00:00:00",94,"F","Permanent Home",201210
201210,30,0,19218,416958,"I","10/30/2012 00:00:00",71,"M","Permanent Home",201210
201210,31,0,19219,416958,"I","10/31/2012 00:00:00",61,"M","Permanent Home",201210
201211,4,0,19227,417002,"I","11/04/2012 00:00:00",40,"M","Outside/Open Areas",201210
201210,30,0,19222,417002,"I","10/30/2012 00:00:00",55,"M","Permanent Home",201210
201210,30,0,19223,417002,"I","10/30/2012 00:00:00",55,"M","Permanent Home",201210
201210,30,0,19224,417002,"I","10/30/2012 00:00:00",55,"M","Permanent Home",201210
201210,30,0,19225,417002,"I","10/30/2012 00:00:00",78,"F","Permanent Home",201210
201210,29,0,19226,417002,"I","10/29/2012 00:00:00",84,"F","Permanent Home",201210
201210,29,0,19235,417003,"D","10/29/2012 00:00:00",51,"M","Permanent Home",201210
201210,29,0,19233,417003,"D","10/29/2012 00:00:00",54,"M","Vehicle/Towed Trailer",201210
201210,29,0,19234,417003,"D","10/29/2012 00:00:00",48,"F","Vehicle/Towed Trailer",201210
201210,29,0,19229,417004,"D","10/29/2012 00:00:00",58,"M","Outside/Open Areas",201210
201210,30,0,19230,417004,"I","10/30/2012 00:00:00",59,"F","Permanent Home",201210
201210,30,0,19231,417005,"I","10/30/2012 00:00:00",70,"F","Permanent Home",201210
201210,30,0,19232,417005,"I","10/30/2012 00:00:00",73,"M","Permanent Home",201210
201201,7,0,17426,356947,"D","01/07/2012 00:00:00",49,"M","Outside/Open Areas",201201
201201,18,0,17700,357149,"D","01/18/2012 00:00:00",18,"F","Vehicle/Towed Trailer",201201
201201,18,0,17701,357149,"D","01/18/2012 00:00:00",1,"M","Vehicle/Towed Trailer",201201
201206,20,0,18321,388274,"D","06/20/2012 00:00:00",18,"M","In Water",201206
201206,29,0,18322,388346,"D","06/29/2012 00:00:00",70,"M","Permanent Home",201206
201206,24,0,18467,388459,"I","06/24/2012 00:00:00",29,"M","Vehicle/Towed Trailer",201206
201206,22,0,18325,388563,"D","06/22/2012 00:00:00",67,"F","Permanent Home",201206
201206,25,0,18372,390146,"D","06/25/2012 00:00:00",0,"M","Vehicle/Towed Trailer",201206
201206,20,0,18395,390147,"I","06/20/2012 00:00:00",56,"M","Vehicle/Towed Trailer",201206
201206,20,0,18396,390147,"I","06/20/2012 00:00:00",57,"F","Vehicle/Towed Trailer",201206
201206,20,0,18397,390147,"I","06/20/2012 00:00:00",24,"F","Vehicle/Towed Trailer",201206
201203,2,0,18136,359896,"D","03/02/2012 00:00:00",1,"F","Mobile/Trailer Home",201203
201203,2,0,18137,359896,"D","03/02/2012 00:00:00",1,"F","Mobile/Trailer Home",201203
201203,2,0,18138,359912,"D","03/02/2012 00:00:00",62,"M","Mobile/Trailer Home",201203
201203,2,0,18100,359915,"D","03/02/2012 00:00:00",70,"M","Permanent Home",201203
201203,2,0,18101,359915,"D","03/02/2012 00:00:00",70,"F","Permanent Home",201203
201203,2,0,18102,359915,"D","03/02/2012 00:00:00",4,"F","Permanent Home",201203
201203,2,0,18103,359915,"D","03/02/2012 00:00:00",30,"F","Permanent Home",201203
201203,2,0,18089,359916,"D","03/02/2012 00:00:00",72,"M","Permanent Home",201203
201203,7,0,17593,361180,"D","03/07/2012 00:00:00",40,"M","Outside/Open Areas",201203
201203,1,0,17486,359638,"D","03/01/2012 00:00:00",29,"M","Outside/Open Areas",201203
201203,2,0,18133,359896,"D","03/02/2012 00:00:00",21,"M","Mobile/Trailer Home",201203
201203,2,0,18134,359896,"D","03/02/2012 00:00:00",20,"M","Mobile/Trailer Home",201203
201203,2,0,18135,359896,"D","03/02/2012 00:00:00",2,"M","Mobile/Trailer Home",201203
201203,24,0,18144,374708,"D","03/24/2012 00:00:00",61,"F","Vehicle/Towed Trailer",201203
201206,5,0,18157,376440,"D","06/05/2012 00:00:00",18,"M","In Water",201206
201206,7,0,18158,376441,"D","06/07/2012 00:00:00",13,"F","In Water",201206
201206,19,0,18550,378398,"D","06/19/2012 00:00:00",26,"M","In Water",201206
201206,24,0,18509,379209,"D","06/24/2012 00:00:00",32,"F","Permanent Home",201206
201206,23,0,18177,379745,"D","06/23/2012 00:00:00",60,"M","Vehicle/Towed Trailer",201206
201206,23,0,18190,379838,"D","06/23/2012 00:00:00",16,"M","Outside/Open Areas",201206
201206,26,0,18207,380146,"D","06/26/2012 00:00:00",33,"M","In Water",201206
201206,29,0,18234,380280,"D","06/29/2012 00:00:00",31,"M","Outside/Open Areas",201206
201206,27,0,18243,380749,"D","06/27/2012 00:00:00",48,"M","Outside/Open Areas",201206
201206,30,0,18514,380875,"D","06/30/2012 00:00:00",33,"M","Outside/Open Areas",201206
201206,17,0,18241,380889,"I","06/17/2012 00:00:00",66,"M","In Water",201206
201206,17,0,18240,380890,"I","06/17/2012 00:00:00",14,"M","In Water",201206
201206,19,0,18277,383661,"D","06/19/2012 00:00:00",44,"M","Outside/Open Areas",201206
201206,4,0,18287,384508,"D","06/04/2012 00:00:00",70,"M","Mobile/Trailer Home",201206
201206,4,0,18288,384508,"D","06/04/2012 00:00:00",50,"M","Mobile/Trailer Home",201206
201206,4,0,18289,384508,"D","06/04/2012 00:00:00",48,"M","Mobile/Trailer Home",201206
201206,26,0,18351,385908,"D","06/26/2012 00:00:00",74,"M","Permanent Home",201206
201206,26,0,18352,385908,"D","06/26/2012 00:00:00",73,"F","Permanent Home",201206
201206,10,0,18319,388265,"D","06/10/2012 00:00:00",10,"M","In Water",201206
201206,20,0,18320,388273,"D","06/20/2012 00:00:00",23,"M","In Water",201206
201203,7,0,17594,361180,"D","03/07/2012 00:00:00",42,"M","Outside/Open Areas",201203
201203,10,0,18058,363820,"D","03/10/2012 00:00:00",,"M","In Water",201203
201203,24,0,17571,364075,"D","03/24/2012 00:00:00",4,"M","Outside/Open Areas",201203
201203,21,0,17574,364127,"D","03/21/2012 00:00:00",46,"F","Outside/Open Areas",201203
201203,31,0,18059,364344,"I","03/31/2012 00:00:00",,"M","Outside/Open Areas",201203
201203,2,0,18023,366020,"D","03/02/2012 00:00:00",65,"F","Mobile/Trailer Home",201203
201203,2,0,18024,366020,"D","03/02/2012 00:00:00",14,"F","Mobile/Trailer Home",201203
201203,2,0,18107,368695,"D","03/02/2012 00:00:00",54,"F","Mobile/Trailer Home",201203
201203,2,0,18108,368695,"D","03/02/2012 00:00:00",47,"F","Permanent Structure",201203
201203,4,0,18109,368695,"I","03/04/2012 00:00:00",79,"M","Permanent Structure",201203
201203,2,0,18033,368706,"D","03/02/2012 00:00:00",51,"M","Mobile/Trailer Home",201203
201203,2,0,18034,368706,"D","03/02/2012 00:00:00",72,"F","Mobile/Trailer Home",201203
201203,2,0,18035,368706,"D","03/02/2012 00:00:00",90,"M","Mobile/Trailer Home",201203
201203,2,0,18036,368706,"D","03/02/2012 00:00:00",86,"F","Mobile/Trailer Home",201203
201203,2,0,18038,368706,"D","03/02/2012 00:00:00",50,"F","Mobile/Trailer Home",201203
201203,2,0,18037,368706,"D","03/02/2012 00:00:00",86,"M","Permanent Home",201203
201203,23,0,18025,368708,"D","03/23/2012 00:00:00",37,"F","Mobile/Trailer Home",201203
201203,2,0,18026,368708,"D","03/02/2012 00:00:00",64,"F","Mobile/Trailer Home",201203
201203,2,0,18027,368708,"D","03/02/2012 00:00:00",72,"F","Mobile/Trailer Home",201203
201203,2,0,18028,368708,"D","03/02/2012 00:00:00",48,"F","Mobile/Trailer Home",201203
201203,2,0,18029,368708,"D","03/02/2012 00:00:00",81,"M","Mobile/Trailer Home",201203
201203,2,0,18030,368708,"D","03/02/2012 00:00:00",49,"M","Mobile/Trailer Home",201203
201203,2,0,18019,368754,"D","03/02/2012 00:00:00",16,"M","Mobile/Trailer Home",201203
201203,2,0,18020,368754,"D","03/02/2012 00:00:00",20,"M","Mobile/Trailer Home",201203
201203,20,0,17984,368870,"D","03/20/2012 00:00:00",45,"F","Vehicle/Towed Trailer",201203
201203,2,0,18105,369148,"D","03/02/2012 00:00:00",59,"M","Mobile/Trailer Home",201203
201203,2,0,18106,369148,"D","03/02/2012 00:00:00",27,"M","Mobile/Trailer Home",201203
201203,2,0,17960,369430,"D","03/02/2012 00:00:00",54,"M","Mobile/Trailer Home",201203
201203,2,0,17962,369430,"D","03/02/2012 00:00:00",58,"M","Mobile/Trailer Home",201203
201203,2,0,17961,369430,"D","03/02/2012 00:00:00",64,"F","Permanent Home",201203
201211,4,0,1007165,421210,"I","11/04/2012 00:00:00",53,"M","Outside/Open Areas",201210
201212,19,0,1007217,421580,"I","12/19/2012 00:00:00",,"M","Vehicle/Towed Trailer",201212
201207,17,0,1006600,399907,"D","07/17/2012 00:00:00",62,"M","Permanent Structure",201207
201207,17,0,18598,399933,"D","07/17/2012 00:00:00",89,"M","Permanent Home",201207
201207,17,0,18596,399934,"D","07/17/2012 00:00:00",89,"M","Permanent Home",201207
201207,17,0,1006601,399935,"D","07/17/2012 00:00:00",89,"M","Permanent Home",201207
201207,16,0,18599,400154,"D","07/16/2012 00:00:00",40,"M","Outside/Open Areas",201207
201207,23,0,18617,400569,"D","07/23/2012 00:00:00",71,"M","Under Tree",201207
201207,20,0,1006615,402421,"D","07/20/2012 00:00:00",22,"M","Boating",201207
201207,20,0,1006616,402421,"D","07/20/2012 00:00:00",,"M","Boating",201207
201207,20,0,1006617,402422,"D","07/20/2012 00:00:00",22,"M","Boating",201207
201207,20,0,1006618,402422,"D","07/20/2012 00:00:00",,"M","Boating",201207
201207,3,0,1006619,402473,"D","07/03/2012 00:00:00",60,"M","Under Tree",201207
201207,20,0,1006647,403086,"D","07/20/2012 00:00:00",3,"M","Vehicle/Towed Trailer",201207
201207,7,0,1006639,403087,"D","07/07/2012 00:00:00",43,"M","Boating",201207
201207,7,0,1006641,403087,"D","07/07/2012 00:00:00",55,"M","Boating",201207
201207,1,0,1006635,403089,"D","07/01/2012 00:00:00",15,"M","In Water",201207
201207,1,0,1006637,403089,"D","07/01/2012 00:00:00",17,"M","In Water",201207
201207,8,0,1006644,403213,"D","07/08/2012 00:00:00",48,"F","Outside/Open Areas",201207
201207,21,0,1006649,403653,"D","07/21/2012 00:00:00",24,"M","Under Tree",201207
201207,7,0,1006651,403655,"I","07/07/2012 00:00:00",12,"M","In Water",201207
201207,7,0,1006848,381670,"D","07/07/2012 00:00:00",68,"M","Outside/Open Areas",201207
201207,24,0,18311,386650,"D","07/24/2012 00:00:00",36,"F","Under Tree",201207
201207,26,0,18312,386768,"D","07/26/2012 00:00:00",66,"F","Camping",201207
201207,26,0,18317,386789,"D","07/26/2012 00:00:00",16,"F","Outside/Open Areas",201207
201207,7,0,1006854,386941,"D","07/07/2012 00:00:00",51,"M","Outside/Open Areas",201207
201207,26,0,1006841,388877,"D","07/26/2012 00:00:00",67,"F","Outside/Open Areas",201207
201207,2,0,1006655,389123,"D","07/02/2012 00:00:00",57,"F","Permanent Home",201207
201207,3,0,1006657,389123,"D","07/03/2012 00:00:00",71,"F","Permanent Home",201207
201207,11,0,18425,393720,"D","07/11/2012 00:00:00",54,"M","Permanent Structure",201207
201207,13,0,18448,394984,"D","07/13/2012 00:00:00",38,"M","Vehicle/Towed Trailer",201207
201207,4,0,18453,395053,"D","07/04/2012 00:00:00",60,"F","Outside/Open Areas",201207
201207,5,0,1006823,396652,"D","07/05/2012 00:00:00",71,"F","Permanent Home",201207
201207,9,0,18626,397595,"D","07/09/2012 00:00:00",58,"F","Permanent Home",201207
201207,5,0,1006609,397596,"D","07/05/2012 00:00:00",68,"F","Permanent Home",201207
201207,4,0,1006610,397596,"D","07/04/2012 00:00:00",91,"M","Permanent Home",201207
201207,2,0,1006831,400745,"D","07/02/2012 00:00:00",49,"M","Boating",201207
201207,5,0,1006604,401041,"D","07/05/2012 00:00:00",60,"M","Permanent Home",201207
201207,6,0,1006605,401041,"D","07/06/2012 00:00:00",62,"F","Permanent Home",201207
201207,2,0,1006603,401041,"D","07/02/2012 00:00:00",51,"F","Permanent Structure",201207
201207,1,0,1006606,401043,"D","07/01/2012 00:00:00",72,"M","Outside/Open Areas",201207
201207,27,0,1006608,401109,"D","07/27/2012 00:00:00",33,"M","Outside/Open Areas",201207
201207,26,0,1006607,401109,"D","07/26/2012 00:00:00",64,"F","Permanent Structure",201207
201207,7,0,1006630,401316,"D","07/07/2012 00:00:00",58,"M","Heavy Equipment/Construction",201207
201207,7,0,1006632,401316,"D","07/07/2012 00:00:00",50,"M","Heavy Equipment/Construction",201207
201207,7,0,1006684,404671,"D","07/07/2012 00:00:00",28,"F","Vehicle/Towed Trailer",201207
201207,8,0,1006686,404748,"D","07/08/2012 00:00:00",15,"M","In Water",201207
201207,6,0,18245,381394,"D","07/06/2012 00:00:00",54,"M","Outside/Open Areas",201207
201207,1,0,18291,382513,"D","07/01/2012 00:00:00",,"M","Vehicle/Towed Trailer",201207
201207,1,0,18292,382513,"D","07/01/2012 00:00:00",,"F","Vehicle/Towed Trailer",201207
201207,1,0,18251,382533,"D","07/01/2012 00:00:00",77,"M","Other",201207
201207,15,0,18266,383393,"D","07/15/2012 00:00:00",26,"M","Under Tree",201207
201210,29,0,19743,421590,"I","10/29/2012 00:00:00",39,"M","Outside/Open Areas",201210
201210,29,0,19888,421617,"D","10/29/2012 00:00:00",52,"F","Outside/Open Areas",201210
201205,29,0,18252,382714,"D","05/29/2012 00:00:00",87,"M","Outside/Open Areas",201205
201205,16,0,18260,382725,"I","05/16/2012 00:00:00",65,"M","Permanent Home",201205
201201,17,0,17527,357198,"D","01/17/2012 00:00:00",95,"M","Outside/Open Areas",201201
201201,21,0,17451,358004,"I","01/21/2012 00:00:00",,"","Vehicle/Towed Trailer",201201
201201,22,0,17468,358634,"D","01/22/2012 00:00:00",28,"M","Outside/Open Areas",201201
201201,25,0,17481,359050,"I","01/25/2012 00:00:00",36,"M","Vehicle/Towed Trailer",201201
201201,25,0,17482,359051,"I","01/25/2012 00:00:00",36,"M","Vehicle/Towed Trailer",201201
201201,2,0,17485,359356,"D","01/02/2012 00:00:00",26,"M","In Water",201201
201201,6,0,17531,359763,"D","01/06/2012 00:00:00",20,"M","Outside/Open Areas",201201
201201,21,0,17503,360218,"I","01/21/2012 00:00:00",52,"M","Outside/Open Areas",201201
201201,21,0,17501,360231,"I","01/21/2012 00:00:00",21,"F","Vehicle/Towed Trailer",201201
201201,21,0,17502,360231,"I","01/21/2012 00:00:00",22,"F","Vehicle/Towed Trailer",201201
201201,22,0,17500,360274,"I","01/22/2012 00:00:00",59,"M","Vehicle/Towed Trailer",201201
201201,20,0,17510,360919,"I","01/20/2012 00:00:00",67,"M","Vehicle/Towed Trailer",201201
201201,19,0,17567,361916,"D","01/19/2012 00:00:00",61,"M","Under Tree",201201
201201,28,0,17560,362794,"D","01/28/2012 00:00:00",24,"M","Outside/Open Areas",201201
201201,19,0,17716,363176,"D","01/19/2012 00:00:00",93,"F","Permanent Home",201201
201201,12,0,17558,363239,"I","01/12/2012 00:00:00",18,"F","Vehicle/Towed Trailer",201201
201201,23,0,17585,363558,"D","01/23/2012 00:00:00",81,"M","Mobile/Trailer Home",201201
201201,23,0,17586,364295,"D","01/23/2012 00:00:00",16,"F","Permanent Home",201201
201201,21,0,17745,367765,"D","01/21/2012 00:00:00",,"M","Camping",201201
201202,1,0,17388,355788,"I","02/01/2012 00:00:00",20,"M","Outside/Open Areas",201202
201202,4,0,17508,355955,"I","02/04/2012 00:00:00",85,"M","Outside/Open Areas",201202
201202,11,0,17427,356993,"I","02/11/2012 00:00:00",,"F","Vehicle/Towed Trailer",201202
201202,20,0,17748,357844,"D","02/20/2012 00:00:00",51,"F","Mobile/Trailer Home",201202
201202,2,0,17569,358599,"I","02/02/2012 00:00:00",25,"M","Vehicle/Towed Trailer",201202
201202,22,0,17479,358926,"D","02/22/2012 00:00:00",,"M","Outside/Open Areas",201202
201202,28,0,17484,359087,"D","02/28/2012 00:00:00",53,"M","Permanent Home",201202
201203,7,0,17733,359691,"D","03/07/2012 00:00:00",70,"M","Permanent Home",201202
201202,29,0,17734,359691,"D","02/29/2012 00:00:00",50,"M","Permanent Home",201202
201202,29,0,17735,359691,"D","02/29/2012 00:00:00",22,"F","Permanent Home",201202
201202,29,0,17736,359691,"D","02/29/2012 00:00:00",75,"F","Permanent Home",201202
201202,29,0,17737,359691,"D","02/29/2012 00:00:00",61,"F","Permanent Home",201202
201210,29,0,1007244,421664,"D","10/29/2012 00:00:00",69,"M","Vehicle/Towed Trailer",201210
201210,29,0,1007243,421666,"D","10/29/2012 00:00:00",46,"M","Outside/Open Areas",201210
201212,2,0,1007186,422479,"I","12/02/2012 00:00:00",41,"M","Vehicle/Towed Trailer",201212
201212,14,0,1007220,423354,"D","12/14/2012 00:00:00",,"M","Vehicle/Towed Trailer",201212
201202,29,0,17738,359691,"D","02/29/2012 00:00:00",64,"M","Permanent Home",201202
201202,29,0,17739,359691,"D","02/29/2012 00:00:00",74,"F","Permanent Home",201202
201202,29,0,17740,359709,"D","02/29/2012 00:00:00",50,"M","Mobile/Trailer Home",201202
201202,1,0,17598,361122,"D","02/01/2012 00:00:00",52,"F","Outside/Open Areas",201202
201202,27,0,17552,361137,"D","02/27/2012 00:00:00",35,"M","Outside/Open Areas",201202
201202,25,0,17578,362534,"I","02/25/2012 00:00:00",,"M","Vehicle/Towed Trailer",201202
201202,25,0,17579,362534,"I","02/25/2012 00:00:00",,"F","Vehicle/Towed Trailer",201202
201202,25,0,17580,362534,"I","02/25/2012 00:00:00",70,"M","Vehicle/Towed Trailer",201202
201202,29,0,17709,363341,"D","02/29/2012 00:00:00",70,"M","Mobile/Trailer Home",201202
201202,28,0,17712,364186,"D","02/28/2012 00:00:00",42,"F","Mobile/Trailer Home",201202
201202,5,0,17705,365877,"D","02/05/2012 00:00:00",34,"M","Outside/Open Areas",201202
201202,23,0,17706,365938,"D","02/23/2012 00:00:00",24,"M","Outside/Open Areas",201202
201202,24,0,17649,366634,"D","02/24/2012 00:00:00",,"M","In Water",201202
201202,19,0,17693,366706,"D","02/19/2012 00:00:00",,"","Outside/Open Areas",201202
201202,19,0,17694,366707,"D","02/19/2012 00:00:00",,"M","Outside/Open Areas",201202
201202,19,0,17695,366707,"D","02/19/2012 00:00:00",,"M","Outside/Open Areas",201202
201202,19,0,17696,366707,"D","02/19/2012 00:00:00",,"M","Outside/Open Areas",201202
201206,26,0,18365,390432,"D","06/26/2012 00:00:00",42,"M","Outside/Open Areas",201206
201206,8,0,18525,390571,"D","06/08/2012 00:00:00",51,"M","Boating",201206
201206,4,0,18376,390929,"D","06/04/2012 00:00:00",43,"M","In Water",201206
201206,29,0,18445,391359,"D","06/29/2012 00:00:00",70,"F","Permanent Structure",201206
201206,10,0,18403,392165,"D","06/10/2012 00:00:00",24,"M","Outside/Open Areas",201206
201206,14,0,18402,392173,"D","06/14/2012 00:00:00",28,"M","In Water",201206
201206,29,0,18500,393344,"I","06/29/2012 00:00:00",,"","Vehicle/Towed Trailer",201206
201206,30,0,18519,393653,"D","06/30/2012 00:00:00",2,"M","Camping",201206
201206,30,0,18520,393653,"D","06/30/2012 00:00:00",7,"M","Camping",201206
201207,6,0,18493,394064,"I","07/06/2012 00:00:00",69,"M","Mobile/Trailer Home",201206
201206,29,0,18478,394491,"D","06/29/2012 00:00:00",90,"F","Permanent Home",201206
201206,18,0,18431,394630,"D","06/18/2012 00:00:00",31,"M","In Water",201206
201206,25,0,18432,394637,"D","06/25/2012 00:00:00",39,"M","Outside/Open Areas",201206
201207,1,0,18497,394847,"I","07/01/2012 00:00:00",71,"F","Permanent Home",201206
201207,1,0,18496,394851,"I","07/01/2012 00:00:00",38,"M","Outside/Open Areas",201206
201207,1,0,18498,394941,"I","07/01/2012 00:00:00",65,"M","Outside/Open Areas",201206
201206,24,0,18602,395017,"D","06/24/2012 00:00:00",71,"M","In Water",201206
201207,2,0,18501,395146,"D","07/02/2012 00:00:00",54,"M","Vehicle/Towed Trailer",201206
201206,27,0,18466,395367,"D","06/27/2012 00:00:00",41,"F","In Water",201206
201206,24,0,18474,395426,"D","06/24/2012 00:00:00",23,"F","Vehicle/Towed Trailer",201206
201206,26,0,18508,395479,"D","06/26/2012 00:00:00",60,"M","Vehicle/Towed Trailer",201206
201206,30,0,18516,396410,"D","06/30/2012 00:00:00",48,"M","Boating",201206
201206,24,0,18526,397105,"D","06/24/2012 00:00:00",64,"M","Permanent Home",201206
201206,30,0,18569,399447,"D","06/30/2012 00:00:00",80,"M","Permanent Home",201206
201206,30,0,18570,399447,"D","06/30/2012 00:00:00",74,"F","Permanent Home",201206
201206,24,0,18571,399631,"D","06/24/2012 00:00:00",,"M","In Water",201206
201205,6,0,17883,370444,"I","05/06/2012 00:00:00",39,"M","Permanent Home",201205
201205,6,0,17884,370444,"I","05/06/2012 00:00:00",47,"M","Permanent Home",201205
201205,4,0,18141,372583,"D","05/04/2012 00:00:00",74,"F","Vehicle/Towed Trailer",201205
201205,19,0,18147,372666,"D","05/19/2012 00:00:00",23,"F","Outside/Open Areas",201205
201205,21,0,18148,372667,"D","05/21/2012 00:00:00",35,"F","Outside/Open Areas",201205
201205,27,0,18069,373389,"D","05/27/2012 00:00:00",3,"M","Outside/Open Areas",201205
201205,29,0,18123,373911,"D","05/29/2012 00:00:00",51,"M","Vehicle/Towed Trailer",201205
201205,26,0,18132,374032,"D","05/26/2012 00:00:00",2,"M","Outside/Open Areas",201205
201205,28,0,18155,374622,"D","05/28/2012 00:00:00",19,"M","In Water",201205
201205,28,0,18255,382794,"D","05/28/2012 00:00:00",81,"M","Permanent Home",201205
201205,27,0,18256,382807,"D","05/27/2012 00:00:00",17,"M","In Water",201205
201205,29,0,18257,382819,"D","05/29/2012 00:00:00",24,"M","In Water",201205
201205,6,0,18261,383296,"D","05/06/2012 00:00:00",29,"M","In Water",201205
201212,21,0,1007197,423421,"I","12/21/2012 00:00:00",58,"M","Vehicle/Towed Trailer",201212
201212,21,0,1007198,423421,"I","12/21/2012 00:00:00",56,"F","Vehicle/Towed Trailer",201212
201212,22,0,1007203,424829,"D","12/22/2012 00:00:00",60,"M","Mobile/Trailer Home",201212
201212,20,0,1007212,424865,"I","12/20/2012 00:00:00",67,"F","Vehicle/Towed Trailer",201212
201205,6,0,18263,383320,"D","05/06/2012 00:00:00",,"M","In Water",201205
201205,13,0,18301,384797,"D","05/13/2012 00:00:00",53,"M","In Water",201205
201205,1,0,18296,385566,"D","05/01/2012 00:00:00",21,"M","Vehicle/Towed Trailer",201205
201205,23,0,18307,386073,"D","05/23/2012 00:00:00",80,"M","Outside/Open Areas",201205
201205,3,0,18306,386165,"D","05/03/2012 00:00:00",72,"M","Under Tree",201205
201202,24,0,17713,367448,"I","02/24/2012 00:00:00",88,"M","Outside/Open Areas",201202
201202,24,0,17715,367516,"I","02/24/2012 00:00:00",47,"M","Vehicle/Towed Trailer",201202
201202,24,0,17743,367636,"D","02/24/2012 00:00:00",61,"M","Outside/Open Areas",201202
201202,28,0,17744,367638,"D","02/28/2012 00:00:00",43,"M","Outside/Open Areas",201202
201202,27,0,17756,369184,"D","02/27/2012 00:00:00",81,"M","Outside/Open Areas",201202
201202,16,0,17810,369801,"D","02/16/2012 00:00:00",37,"M","Outside/Open Areas",201202
201207,2,0,1006884,405016,"D","07/02/2012 00:00:00",84,"F","Permanent Home",201207
201207,2,0,1006886,405016,"D","07/02/2012 00:00:00",72,"M","Permanent Home",201207
201207,30,0,1006818,405075,"D","07/30/2012 00:00:00",52,"M","Permanent Home",201207
201207,1,0,1006828,405184,"D","07/01/2012 00:00:00",76,"F","Outside/Open Areas",201207
201207,18,0,1006835,405620,"I","07/18/2012 00:00:00",71,"M","Other",201207
201207,1,0,18577,399771,"D","07/01/2012 00:00:00",83,"F","Permanent Home",201207
201207,5,0,18578,399771,"D","07/05/2012 00:00:00",84,"F","Permanent Home",201207
201207,7,0,1006653,403655,"I","07/07/2012 00:00:00",8,"M","In Water",201207
201207,7,0,1006659,403704,"D","07/07/2012 00:00:00",86,"M","Permanent Home",201207
201207,9,0,1006661,403704,"D","07/09/2012 00:00:00",90,"M","Permanent Home",201207
201207,9,0,1006663,403704,"D","07/09/2012 00:00:00",90,"F","Permanent Home",201207
201207,6,0,1006665,403711,"D","07/06/2012 00:00:00",62,"M","Permanent Home",201207
201207,6,0,1006667,403711,"D","07/06/2012 00:00:00",53,"M","Permanent Home",201207
201207,8,0,1006669,403711,"D","07/08/2012 00:00:00",80,"F","Permanent Home",201207
201207,11,0,1006671,403711,"D","07/11/2012 00:00:00",78,"F","Permanent Home",201207
201207,12,0,1006673,403711,"D","07/12/2012 00:00:00",58,"M","Permanent Home",201207
201207,18,0,1006820,403712,"D","07/18/2012 00:00:00",77,"M","Permanent Home",201207
201207,27,0,1006675,403713,"D","07/27/2012 00:00:00",51,"M","Permanent Home",201207
201207,26,0,1006826,403775,"I","07/26/2012 00:00:00",61,"M","Outside/Open Areas",201207
201207,4,0,1006745,404050,"D","07/04/2012 00:00:00",56,"M","Permanent Home",201207
201207,5,0,1006747,404050,"D","07/05/2012 00:00:00",48,"M","Permanent Home",201207
201207,5,0,1006749,404050,"D","07/05/2012 00:00:00",61,"F","Permanent Home",201207
201207,5,0,1006750,404050,"D","07/05/2012 00:00:00",59,"M","Permanent Home",201207
201207,5,0,1006751,404050,"D","07/05/2012 00:00:00",91,"F","Permanent Home",201207
201207,5,0,1006753,404050,"D","07/05/2012 00:00:00",58,"M","Permanent Home",201207
201207,6,0,1006755,404050,"D","07/06/2012 00:00:00",65,"F","Permanent Home",201207
201207,6,0,1006757,404050,"D","07/06/2012 00:00:00",53,"M","Permanent Home",201207
201207,6,0,1006760,404050,"D","07/06/2012 00:00:00",46,"F","Permanent Home",201207
201207,7,0,1006762,404050,"D","07/07/2012 00:00:00",100,"F","Permanent Home",201207
201207,7,0,1006764,404050,"D","07/07/2012 00:00:00",89,"F","Permanent Home",201207
201207,7,0,1006765,404050,"D","07/07/2012 00:00:00",56,"F","Permanent Home",201207
201207,7,0,1006767,404050,"D","07/07/2012 00:00:00",53,"F","Permanent Home",201207
201207,7,0,1006769,404050,"D","07/07/2012 00:00:00",79,"F","Permanent Home",201207
201207,7,0,1006771,404050,"D","07/07/2012 00:00:00",81,"M","Permanent Home",201207
201207,7,0,1006772,404050,"D","07/07/2012 00:00:00",48,"M","Permanent Home",201207
201207,8,0,1006774,404050,"D","07/08/2012 00:00:00",55,"M","Permanent Home",201207
201207,9,0,1006776,404050,"D","07/09/2012 00:00:00",79,"F","Permanent Home",201207
201207,10,0,1006778,404050,"D","07/10/2012 00:00:00",70,"M","Permanent Home",201207
201207,10,0,1006780,404050,"D","07/10/2012 00:00:00",57,"M","Permanent Home",201207
201207,10,0,1006782,404050,"D","07/10/2012 00:00:00",73,"M","Permanent Home",201207
201207,11,0,1006784,404050,"D","07/11/2012 00:00:00",68,"M","Permanent Home",201207
201207,4,0,1006786,404050,"I","07/04/2012 00:00:00",69,"M","Vehicle/Towed Trailer",201207
201207,4,0,1006788,404050,"I","07/04/2012 00:00:00",70,"F","Vehicle/Towed Trailer",201207
201207,18,0,1006812,404138,"D","07/18/2012 00:00:00",50,"M","Permanent Home",201207
201207,18,0,1006814,404138,"D","07/18/2012 00:00:00",69,"F","Permanent Home",201207
201207,18,0,1006816,404138,"D","07/18/2012 00:00:00",60,"M","Permanent Home",201207
201207,25,0,1006810,404139,"D","07/25/2012 00:00:00",64,"M","Permanent Home",201207
201207,1,0,1006843,405932,"I","07/01/2012 00:00:00",46,"M","Golfing",201207
201207,5,0,1006861,406187,"D","07/05/2012 00:00:00",35,"M","Vehicle/Towed Trailer",201207
201212,22,0,1007196,424912,"D","12/22/2012 00:00:00",53,"M","Outside/Open Areas",201212
201212,16,0,1007213,424964,"I","12/16/2012 00:00:00",,"M","Vehicle/Towed Trailer",201212
201212,22,0,1007200,426053,"I","12/22/2012 00:00:00",50,"M","Vehicle/Towed Trailer",201212
201212,24,0,1007204,426142,"D","12/24/2012 00:00:00",49,"M","Outside/Open Areas",201212
201212,28,0,1007205,426219,"D","12/28/2012 00:00:00",37,"M","In Water",201212
201212,28,0,1007206,426219,"D","12/28/2012 00:00:00",9,"M","In Water",201212
201212,26,0,1007207,426291,"I","12/26/2012 00:00:00",35,"F","Vehicle/Towed Trailer",201212
201212,25,0,1007209,426364,"D","12/25/2012 00:00:00",,"M","Permanent Home",201212
201212,26,0,1007210,426371,"D","12/26/2012 00:00:00",60,"M","Outside/Open Areas",201212
201210,29,0,1007252,420534,"D","10/29/2012 00:00:00",67,"M","Permanent Home",201210
201210,29,0,1007253,420534,"D","10/29/2012 00:00:00",51,"M","Permanent Home",201210
201210,29,0,1007255,420534,"D","10/29/2012 00:00:00",53,"M","Permanent Home",201210
201210,29,0,1007257,420534,"D","10/29/2012 00:00:00",64,"M","Permanent Home",201210
201210,29,0,1007265,421109,"D","10/29/2012 00:00:00",51,"M","Outside/Open Areas",201210
201210,29,0,1007264,421109,"D","10/29/2012 00:00:00",87,"M","Permanent Home",201210
201210,29,0,1007266,421109,"D","10/29/2012 00:00:00",90,"F","Permanent Home",201210
201210,29,0,1007260,421130,"D","10/29/2012 00:00:00",57,"M","Permanent Home",201210
201203,2,0,18117,369474,"D","03/02/2012 00:00:00",79,"M","Permanent Structure",201203
201203,2,0,18118,369474,"D","03/02/2012 00:00:00",73,"F","Permanent Structure",201203
201203,2,0,18115,369474,"D","03/02/2012 00:00:00",25,"M","Vehicle/Towed Trailer",201203
201203,2,0,18116,369474,"D","03/02/2012 00:00:00",43,"F","Vehicle/Towed Trailer",201203
201203,2,0,18120,370174,"D","03/02/2012 00:00:00",99,"F","Mobile/Trailer Home",201203
201203,23,0,17929,371334,"D","03/23/2012 00:00:00",49,"M","Vehicle/Towed Trailer",201203
201203,23,0,17930,371334,"D","03/23/2012 00:00:00",60,"F","Vehicle/Towed Trailer",201203
201203,26,0,17976,372236,"D","03/26/2012 00:00:00",76,"F","Outside/Open Areas",201203
201203,26,0,17975,372236,"D","03/26/2012 00:00:00",77,"M","Permanent Home",201203
201203,26,0,17977,372236,"D","03/26/2012 00:00:00",51,"F","Permanent Home",201203
201203,31,0,18003,372428,"D","03/31/2012 00:00:00",16,"M","In Water",201203
201203,5,0,18125,372841,"I","03/05/2012 00:00:00",34,"M","Vehicle/Towed Trailer",201203
201203,16,0,18061,373226,"D","03/16/2012 00:00:00",57,"M","Vehicle/Towed Trailer",201203
201203,13,0,18062,373228,"D","03/13/2012 00:00:00",21,"M","Vehicle/Towed Trailer",201203
201203,18,0,18063,373229,"D","03/18/2012 00:00:00",35,"M","Vehicle/Towed Trailer",201203
201203,15,0,18064,373231,"D","03/15/2012 00:00:00",18,"M","Outside/Open Areas",201203
201203,21,0,18104,373414,"D","03/21/2012 00:00:00",75,"M","Vehicle/Towed Trailer",201203
201203,30,0,18121,373886,"D","03/30/2012 00:00:00",12,"M","Under Tree",201203
201203,2,0,18129,374012,"D","03/02/2012 00:00:00",75,"M","Permanent Home",201203
201201,3,0,17185,353213,"I","01/03/2012 00:00:00",81,"M","Outside/Open Areas",201201
201201,16,0,17272,354155,"D","01/16/2012 00:00:00",58,"M","In Water",201201
201201,11,0,17291,354429,"I","01/11/2012 00:00:00",62,"M","Vehicle/Towed Trailer",201201
201201,12,0,17398,354444,"I","01/12/2012 00:00:00",,"M","Outside/Open Areas",201201
201201,2,0,17395,356071,"I","01/02/2012 00:00:00",24,"M","Vehicle/Towed Trailer",201201
201201,13,0,17396,356081,"I","01/13/2012 00:00:00",62,"M","Permanent Home",201201
201201,12,0,17391,356084,"I","01/12/2012 00:00:00",56,"M","Vehicle/Towed Trailer",201201
201201,12,0,17405,356085,"I","01/12/2012 00:00:00",34,"M","Vehicle/Towed Trailer",201201
201201,12,0,17459,356180,"I","01/12/2012 00:00:00",46,"F","Vehicle/Towed Trailer",201201
201201,12,0,17399,356278,"I","01/12/2012 00:00:00",,"M","Outside/Open Areas",201201
201201,12,0,17400,356279,"I","01/12/2012 00:00:00",,"M","Outside/Open Areas",201201
201201,29,0,17511,356780,"I","01/29/2012 00:00:00",,"","Vehicle/Towed Trailer",201201
201201,29,0,17512,356780,"I","01/29/2012 00:00:00",,"","Vehicle/Towed Trailer",201201
201201,29,0,17513,356780,"I","01/29/2012 00:00:00",,"M","Vehicle/Towed Trailer",201201
201201,29,0,17514,356780,"I","01/29/2012 00:00:00",,"M","Vehicle/Towed Trailer",201201
201201,29,0,17515,356780,"I","01/29/2012 00:00:00",,"F","Vehicle/Towed Trailer",201201
201201,29,0,17516,356780,"I","01/29/2012 00:00:00",,"F","Vehicle/Towed Trailer",201201
201201,29,0,17517,356780,"I","01/29/2012 00:00:00",,"","Vehicle/Towed Trailer",201201
201201,29,0,17518,356780,"I","01/29/2012 00:00:00",27,"F","Vehicle/Towed Trailer",201201
201201,29,0,17519,356780,"I","01/29/2012 00:00:00",26,"M","Vehicle/Towed Trailer",201201
201201,29,0,17520,356780,"I","01/29/2012 00:00:00",,"","Vehicle/Towed Trailer",201201
201201,29,0,17521,356780,"I","01/29/2012 00:00:00",,"","Vehicle/Towed Trailer",201201
201210,29,0,1007261,421130,"D","10/29/2012 00:00:00",90,"M","Permanent Home",201210
201210,31,0,1007262,421130,"D","10/31/2012 00:00:00",59,"M","Permanent Home",201210
201210,31,0,1007263,421130,"D","10/31/2012 00:00:00",84,"F","Permanent Home",201210
201207,5,0,18579,399771,"D","07/05/2012 00:00:00",76,"F","Permanent Home",201207
201207,6,0,18580,399771,"D","07/06/2012 00:00:00",75,"F","Permanent Home",201207
201207,6,0,18581,399771,"D","07/06/2012 00:00:00",62,"F","Permanent Home",201207
201207,6,0,18582,399771,"D","07/06/2012 00:00:00",8,"F","Permanent Home",201207
201207,6,0,18583,399771,"D","07/06/2012 00:00:00",72,"M","Permanent Home",201207
201207,7,0,18584,399771,"D","07/07/2012 00:00:00",70,"M","Permanent Home",201207
201207,7,0,1006597,399771,"D","07/07/2012 00:00:00",72,"M","Permanent Home",201207
201207,8,0,18588,399771,"D","07/08/2012 00:00:00",71,"M","Permanent Home",201207
201207,8,0,18589,399771,"D","07/08/2012 00:00:00",65,"M","Permanent Home",201207
201207,8,0,18590,399771,"D","07/08/2012 00:00:00",72,"M","Permanent Home",201207
201207,7,0,18585,399771,"D","07/07/2012 00:00:00",43,"M","Permanent Structure",201207
201207,7,0,18586,399771,"D","07/07/2012 00:00:00",43,"M","Permanent Structure",201207
201207,10,0,1006599,399779,"D","07/10/2012 00:00:00",76,"M","Permanent Home",201207
201212,20,0,1007199,416829,"I","12/20/2012 00:00:00",26,"M","Vehicle/Towed Trailer",201212
201209,28,0,1006972,411970,"I","09/28/2012 00:00:00",34,"F","Outside/Open Areas",201209
201212,25,0,1007208,420322,"D","12/25/2012 00:00:00",53,"M","Mobile/Trailer Home",201212
201212,26,0,19954,425122,"I","12/26/2012 00:00:00",,"","Vehicle/Towed Trailer",201212
201212,19,0,1007290,436975,"D","12/19/2012 00:00:00",31,"M","In Water",201212
201212,26,0,1007211,426371,"D","12/26/2012 00:00:00",50,"F","Outside/Open Areas",201212
201212,7,0,1007215,426476,"D","12/07/2012 00:00:00",28,"M","Vehicle/Towed Trailer",201212
201212,25,0,1007214,426571,"D","12/25/2012 00:00:00",25,"M","Outside/Open Areas",201212
201212,21,0,1007218,427056,"I","12/21/2012 00:00:00",47,"M","Vehicle/Towed Trailer",201212
201212,24,0,1007225,427763,"D","12/24/2012 00:00:00",53,"M","Outside/Open Areas",201212
201210,29,0,19818,413123,"I","10/29/2012 00:00:00",,"F","Permanent Home",201210
201210,30,0,19845,415926,"I","10/30/2012 00:00:00",22,"M","Outside/Open Areas",201210
201210,30,0,19160,416845,"I","10/30/2012 00:00:00",86,"M","Permanent Home",201210
201210,30,0,19210,416946,"I","10/30/2012 00:00:00",61,"M","Permanent Home",201210
201210,29,0,19228,417004,"D","10/29/2012 00:00:00",61,"M","Outside/Open Areas",201210
201207,15,0,18267,383393,"D","07/15/2012 00:00:00",27,"M","Under Tree",201207
201207,6,0,18275,383636,"D","07/06/2012 00:00:00",56,"M","Permanent Home",201207
201207,8,0,18276,383636,"D","07/08/2012 00:00:00",88,"F","Permanent Home",201207
201207,13,0,18278,383852,"D","07/13/2012 00:00:00",61,"M","Outside/Open Areas",201207
201207,21,0,18339,389375,"D","07/21/2012 00:00:00",25,"M","In Water",201207
201207,21,0,18340,389375,"D","07/21/2012 00:00:00",49,"M","In Water",201207
201207,5,0,18348,389694,"D","07/05/2012 00:00:00",10,"F","In Water",201207
201207,5,0,18349,389694,"D","07/05/2012 00:00:00",50,"F","In Water",201207
201207,5,0,1006792,392836,"D","07/05/2012 00:00:00",64,"M","Permanent Home",201207
201207,3,0,18421,393064,"D","07/03/2012 00:00:00",66,"F","Mobile/Trailer Home",201207
201207,3,0,18422,393064,"D","07/03/2012 00:00:00",73,"M","Mobile/Trailer Home",201207
201207,7,0,18420,393064,"D","07/07/2012 00:00:00",51,"M","Outside/Open Areas",201207
201207,5,0,18612,397921,"D","07/05/2012 00:00:00",74,"M","Permanent Home",201207
201207,31,0,18560,398206,"D","07/31/2012 00:00:00",,"M","Permanent Home",201207
201207,31,0,18561,398206,"D","07/31/2012 00:00:00",,"F","Permanent Home",201207
201207,21,0,18572,399640,"D","07/21/2012 00:00:00",17,"M","In Water",201207
201207,7,0,18574,399759,"D","07/07/2012 00:00:00",64,"M","Mobile/Trailer Home",201207
201207,6,0,1006598,399764,"D","07/06/2012 00:00:00",72,"F","Permanent Home",201207
201207,7,0,18591,399764,"D","07/07/2012 00:00:00",93,"F","Permanent Structure",201207
201207,30,0,1006704,404755,"D","07/30/2012 00:00:00",12,"F","In Water",201207
201207,2,0,1006882,405016,"D","07/02/2012 00:00:00",85,"F","Permanent Home",201207
201210,29,0,1007246,420534,"D","10/29/2012 00:00:00",2,"M","Outside/Open Areas",201210
201210,29,0,1007254,420534,"D","10/29/2012 00:00:00",20,"M","Permanent Home",201210
201211,12,0,1007134,416969,"I","11/12/2012 00:00:00",40,"F","Vehicle/Towed Trailer",201211
201211,30,0,1007137,419271,"D","11/30/2012 00:00:00",47,"M","In Water",201211
201211,3,0,1007141,420015,"D","11/03/2012 00:00:00",30,"M","In Water",201211
201211,30,0,1007142,420067,"I","11/30/2012 00:00:00",,"F","Permanent Structure",201211
201211,27,0,1007143,420183,"I","11/27/2012 00:00:00",,"","Vehicle/Towed Trailer",201211
201211,27,0,1007144,420183,"I","11/27/2012 00:00:00",,"","Vehicle/Towed Trailer",201211
201211,27,0,1007145,420183,"I","11/27/2012 00:00:00",,"","Vehicle/Towed Trailer",201211
201211,19,0,19375,420748,"D","11/19/2012 00:00:00",,"M","Under Tree",201211
201211,28,0,19409,421278,"I","11/28/2012 00:00:00",,"","Vehicle/Towed Trailer",201211
201211,9,0,1007182,421638,"D","11/09/2012 00:00:00",19,"F","Vehicle/Towed Trailer",201211
201211,9,0,1007183,421638,"D","11/09/2012 00:00:00",21,"F","Vehicle/Towed Trailer",201211
201211,22,0,19510,421669,"D","11/22/2012 00:00:00",54,"F","Boating",201211
201211,22,0,1007168,421680,"I","11/22/2012 00:00:00",64,"M","Vehicle/Towed Trailer",201211
201211,22,0,1007169,421680,"I","11/22/2012 00:00:00",60,"F","Vehicle/Towed Trailer",201211
201211,12,0,19584,422972,"I","11/12/2012 00:00:00",42,"M","Other",201211
201204,3,0,17582,364302,"D","04/03/2012 00:00:00",38,"M","Under Tree",201204
201204,15,0,17590,365560,"D","04/15/2012 00:00:00",25,"M","Boating",201204
201204,16,0,17597,365945,"D","04/16/2012 00:00:00",69,"F","Vehicle/Towed Trailer",201204
201204,11,0,18222,367330,"D","04/11/2012 00:00:00",54,"M","Under Tree",201204
201204,11,0,18223,367330,"D","04/11/2012 00:00:00",33,"M","Under Tree",201204
201204,1,0,17751,368893,"D","04/01/2012 00:00:00",27,"M","In Water",201204
201204,1,0,18122,373905,"I","04/01/2012 00:00:00",18,"M","Boating",201204
201204,18,0,18230,375925,"D","04/18/2012 00:00:00",16,"M","In Water",201204
201204,18,0,18156,375926,"D","04/18/2012 00:00:00",14,"M","In Water",201204
201204,28,0,18163,377350,"D","04/28/2012 00:00:00",58,"M","Outside/Open Areas",201204
201204,29,0,18166,377587,"D","04/29/2012 00:00:00",35,"M","In Water",201204
201204,14,0,18224,378771,"D","04/14/2012 00:00:00",7,"F","Mobile/Trailer Home",201204
201204,14,0,18225,378771,"D","04/14/2012 00:00:00",4,"F","Mobile/Trailer Home",201204
201204,14,0,18226,378771,"D","04/14/2012 00:00:00",24,"M","Mobile/Trailer Home",201204
201204,14,0,18227,378771,"D","04/14/2012 00:00:00",63,"M","Mobile/Trailer Home",201204
201204,14,0,18228,378771,"D","04/14/2012 00:00:00",41,"M","Outside/Open Areas",201204
201204,14,0,18229,378771,"D","04/14/2012 00:00:00",10,"F","Outside/Open Areas",201204
201204,23,0,18175,379588,"D","04/23/2012 00:00:00",,"F","Under Tree",201204
201204,29,0,18259,383097,"D","04/29/2012 00:00:00",43,"F","Vehicle/Towed Trailer",201204
201201,18,0,1007300,437340,"D","01/18/2012 00:00:00",43,"M","Outside/Open Areas",201201
201201,22,0,1007299,437368,"D","01/22/2012 00:00:00",13,"M","Outside/Open Areas",201201
201202,13,0,1007301,437369,"D","02/13/2012 00:00:00",38,"M","Outside/Open Areas",201202
201203,30,0,1007304,437379,"D","03/30/2012 00:00:00",34,"M","Outside/Open Areas",201203
201203,3,0,1007303,437380,"D","03/03/2012 00:00:00",18,"M","Outside/Open Areas",201203
201202,29,0,17551,362592,"D","02/29/2012 00:00:00",62,"F","Permanent Home",201202
201202,29,0,1007306,362596,"D","02/29/2012 00:00:00",46,"F","Mobile/Trailer Home",201202
201202,29,0,1007307,362596,"D","02/29/2012 00:00:00",69,"F","Permanent Home",201202
201206,20,0,18270,383620,"D","06/20/2012 00:00:00",50,"M","In Water",201206
201210,26,0,1007062,416249,"D","10/26/2012 00:00:00",62,"M","Vehicle/Towed Trailer",201210
201203,23,0,18140,374200,"D","03/23/2012 00:00:00",60,"F","Mobile/Trailer Home",201203
201212,30,0,1007338,433164,"D","12/30/2012 00:00:00",49,"F","Outside/Open Areas",201212
201206,21,0,1007388,393032,"D","06/21/2012 00:00:00",60,"M","Permanent Home",201206
201206,18,0,1007389,393032,"D","06/18/2012 00:00:00",66,"F","Outside/Open Areas",201206
201206,16,0,1007390,470326,"I","06/16/2012 00:00:00",,"F","Permanent Home",201206
201207,6,0,1007391,404559,"D","07/06/2012 00:00:00",,"M","Permanent Home",201207
201207,7,0,1007392,404559,"D","07/07/2012 00:00:00",,"F","Permanent Home",201207
201207,6,0,1007393,404561,"D","07/06/2012 00:00:00",37,"M","Permanent Home",201207
201207,5,0,1007394,404572,"D","07/05/2012 00:00:00",49,"F","Permanent Home",201207
201207,6,0,1007395,404572,"D","07/06/2012 00:00:00",42,"M","Permanent Home",201207
201207,5,0,1007396,404564,"I","07/05/2012 00:00:00",83,"F","Permanent Home",201207
201207,8,0,20856,404564,"I","07/08/2012 00:00:00",,"M","Permanent Home",201207
201207,10,0,20857,404564,"I","07/10/2012 00:00:00",,"M","Permanent Home",201207
201207,5,0,1007397,404573,"I","07/05/2012 00:00:00",,"M","Other",201207
201207,15,0,1007398,404584,"I","07/15/2012 00:00:00",,"M","Permanent Home",201207
201207,11,0,18304,386013,"D","07/11/2012 00:00:00",72,"M","Permanent Home",201207
201207,29,0,18405,392277,"D","07/29/2012 00:00:00",2,"M","Outside/Open Areas",201207
201207,14,0,18511,396492,"D","07/14/2012 00:00:00",65,"M","Outside/Open Areas",201207
